Задорожнюк Василь Миколайович,1966-05-01,,http://oblrada.odessa.gov.ua/index.php?option=com_content&view=article&catid=114%3A2012-03-12-08-21-50&id=1330%3A2012-03-06-09-27-09&Itemid=266&lang=uk
Тіндюк Микола Андрійович,,http://oblrada.odessa.gov.ua/images/stories/kerivn/Tindyk.jpg,http://oblrada.odessa.gov.ua/index.php?option=com_content&view=article&id=1415%3A2012-03-12-08-49-20&catid=105&Itemid=266&lang=uk
Антощук Іван Васильович,1953-09-15,http://oblrada.odessa.gov.ua/images/stories/DEPUTAT/Antoschyk/1.jpg,http://oblrada.odessa.gov.ua/index.php?option=com_content&view=article&catid=114%3A2012-03-12-08-21-50&id=1292%3A2012-03-05-09-27-48&Itemid=266&lang=uk
Локайчук Валерій Федорович,1957-05-06,http://oblrada.odessa.gov.ua/images/stories/DEPUTAT/Lokaichyk/1.jpg,http://oblrada.odessa.gov.ua/index.php?option=com_content&view=article&catid=114%3A2012-03-12-08-21-50&id=1354%3A2012-03-07-09-19-23&Itemid=266&lang=uk
Єрьоменко Ігор Володимирович,1966-06-22,http://oblrada.odessa.gov.ua/images/stories/DEPUTAT/Eremenko/1.jpg,http://oblrada.odessa.gov.ua/index.php?option=com_content&view=article&catid=114%3A2012-03-12-08-21-50&id=1326%3A2012-03-06-09-19-41&Itemid=266&lang=uk
Візнюк Олександр Дмитрович,,,http://oblrada.odessa.gov.ua/index.php?option=com_content&view=article&catid=114%3A2012-03-12-08-21-50&id=1282%3A2012-03-05-12-47-12&Itemid=266&lang=uk
Затула Василь Савович,,,http://oblrada.odessa.gov.ua/index.php?option=com_content&view=article&catid=114%3A2012-03-12-08-21-50&id=1332%3A2012-03-06-09-29-15&Itemid=266&lang=uk
Борняков Олександр Сергійович,1982-03-01,http://oblrada.odessa.gov.ua/images/stories/DEPUTAT/Borniakov/1.jpg,http://oblrada.odessa.gov.ua/index.php?option=com_content&view=article&id=1277%3A2012-03-12-08-10-17&catid=105&Itemid=266&lang=uk
Швець Василь Сергійович,1951-04-14,http://oblrada.odessa.gov.ua/images/stories/DEPUTAT/Shvets/1.jpg,http://oblrada.odessa.gov.ua/index.php?option=com_content&view=article&catid=114%3A2012-03-12-08-21-50&id=1410%3A2012-03-07-10-52-39&Itemid=266&lang=uk
Смірнов Ігор Володимирович,1968-09-03,http://oblrada.odessa.gov.ua/images/stories/DEPUTAT/Smirnov/1.jpg,http://oblrada.odessa.gov.ua/index.php?option=com_content&view=article&id=1164%3A2012-03-06-00-35-12&catid=105&Itemid=266&lang=uk
Станков Владислав Миколайович,,http://oblrada.odessa.gov.ua/images/stories/DEPUTAT/Stankov/1.jpg,http://oblrada.odessa.gov.ua/index.php?option=com_content&view=article&catid=114%3A2012-03-12-08-21-50&id=1391%3A2012-03-07-10-18-11&Itemid=266&lang=uk
Калашник Василь Іванович,,,http://oblrada.odessa.gov.ua/index.php?option=com_content&view=article&id=1338%3A2012-03-06-15-36-13&catid=114&Itemid=266&lang=uk
Губерник Аркадій Олексійович,1962-03-07,http://oblrada.odessa.gov.ua/images/stories/DEPUTAT/Gybernik/1.jpg,http://oblrada.odessa.gov.ua/index.php?option=com_content&view=article&id=1169%3A2012-03-06-07-33-22&catid=105&Itemid=266&lang=uk
Бойченко Павло Іванович,,http://oblrada.odessa.gov.ua/images/stories/DEPUTAT/Boichenko/1.jpg,http://oblrada.odessa.gov.ua/index.php?option=com_content&view=article&catid=114%3A2012-03-12-08-21-50&id=1301%3A2012-03-05-10-48-24&Itemid=266&lang=uk
Чижевський Ігор Миколайович,,,http://oblrada.odessa.gov.ua/index.php?option=com_content&view=article&catid=114%3A2012-03-12-08-21-50&id=1405%3A2012-03-07-10-29-02&Itemid=266&lang=uk
Мирошніков Анатолій Михайлович,,,http://oblrada.odessa.gov.ua/index.php?option=com_content&view=article&id=1423%3A2012-03-16-07-58-18&catid=105&Itemid=266&lang=uk
Бартко Михайло Петрович,,,http://oblrada.odessa.gov.ua/index.php?option=com_content&view=article&catid=114%3A2012-03-12-08-21-50&id=1299%3A2012-03-05-10-47-35&Itemid=266&lang=uk
Белінський Ігор Вікторович,1974-08-15,http://oblrada.odessa.gov.ua/images/stories/DEPUTAT/Belinski/1.jpg,http://oblrada.odessa.gov.ua/index.php?option=com_content&view=article&catid=114%3A2012-03-12-08-21-50&id=1300%3A2012-03-05-10-47-59&Itemid=266&lang=uk
Мітрошкін Ігор Олександрович,,,http://oblrada.odessa.gov.ua/index.php?option=com_content&view=article&id=4166%3A2014-05-20-11-13-43&catid=114&Itemid=266&lang=uk
Кондратюк Валерій Сергійович,1970-08-04,http://oblrada.odessa.gov.ua/images/stories/DEPUTAT/Kondratiyk/1.jpg,http://oblrada.odessa.gov.ua/index.php?option=com_content&view=article&catid=114%3A2012-03-12-08-21-50&id=1344%3A2012-03-06-15-40-04&Itemid=266&lang=uk
Іванніков Сергій Іванович,1960-06-19,http://oblrada.odessa.gov.ua/images/stories/DEPUTAT/Ivannikov/1.jpg,http://oblrada.odessa.gov.ua/index.php?option=com_content&view=article&catid=114%3A2012-03-12-08-21-50&id=1336%3A2012-03-06-15-31-51&Itemid=266&lang=uk
Орловський Костянтин Іванович,1985-09-27,http://oblrada.odessa.gov.ua/images/stories/DEPUTAT/Orlovskiy_K/1.jpg,http://oblrada.odessa.gov.ua/index.php?option=com_content&view=article&id=1422%3A2012-03-16-07-56-27&catid=105&Itemid=266&lang=uk
Буратинський Вячеслав Васильович,1952-10-26,http://oblrada.odessa.gov.ua/images/stories/DEPUTAT/Buratinski/1.jpg,http://oblrada.odessa.gov.ua/index.php?option=com_content&view=article&catid=114%3A2012-03-12-08-21-50&id=1306%3A2012-03-05-10-50-03&Itemid=266&lang=uk
Маслов Юрій Костянтинович,,http://oblrada.odessa.gov.ua/images/stories/DEPUTAT/Maslov/1.jpg,http://oblrada.odessa.gov.ua/index.php?option=com_content&view=article&id=1165%3A2012-03-06-00-42-03&catid=105&Itemid=266&lang=uk
Страшилін В’ячеслав Михайлович,,,http://oblrada.odessa.gov.ua/index.php?option=com_content&view=article&catid=114%3A2012-03-12-08-21-50&id=1393%3A2012-03-07-10-19-13&Itemid=266&lang=uk
Пундик Микола Володимирович,,http://oblrada.odessa.gov.ua/images/stories/kerivn/pundik.jpg,http://oblrada.odessa.gov.ua/index.php?option=com_content&view=article&id=1414%3A2012-03-12-08-46-42&catid=105&Itemid=266&lang=uk
Сошенко Олександр Васильович,,,http://oblrada.odessa.gov.ua/index.php?option=com_content&view=article&catid=114%3A2012-03-12-08-21-50&id=1390%3A2012-03-07-10-17-30&Itemid=266&lang=uk
Немировський Володимир Леонідович,,,http://oblrada.odessa.gov.ua/index.php?option=com_content&view=article&catid=114%3A2012-03-12-08-21-50&id=1363%3A2012-03-07-09-33-15&Itemid=266&lang=uk
Бабанський Василь Маркович,,,http://oblrada.odessa.gov.ua/index.php?option=com_content&view=article&catid=114%3A2012-03-12-08-21-50&id=1296%3A2012-03-05-10-46-21&Itemid=266&lang=uk
Макосій Дмитро Іванович,,http://oblrada.odessa.gov.ua/images/stories/DEPUTAT/Makosi/1.jpg,http://oblrada.odessa.gov.ua/index.php?option=com_content&view=article&catid=114%3A2012-03-12-08-21-50&id=1356%3A2012-03-07-09-20-40&Itemid=266&lang=uk
Садаклієв Михайло Михайлович,,,http://oblrada.odessa.gov.ua/index.php?option=com_content&view=article&catid=114%3A2012-03-12-08-21-50&id=1383%3A2012-03-07-10-11-52&Itemid=266&lang=uk
Жовнір Михайло Васильович,1965-11-19,http://oblrada.odessa.gov.ua/images/stories/DEPUTAT/Jovnir/1.jpg,http://oblrada.odessa.gov.ua/index.php?option=com_content&view=article&catid=114%3A2012-03-12-08-21-50&id=1328%3A2012-03-06-09-25-14&Itemid=266&lang=uk
Арутюнян Кероб Лендрушович,,,http://oblrada.odessa.gov.ua/index.php?option=com_content&view=article&catid=114%3A2012-03-12-08-21-50&id=1294%3A2012-03-05-10-43-28&Itemid=266&lang=uk
Поджаров Іван Іванович,,,http://oblrada.odessa.gov.ua/index.php?option=com_content&view=article&catid=114%3A2012-03-12-08-21-50&id=1372%3A2012-03-07-10-02-36&Itemid=266&lang=uk
Дорошенко Анатолій Іванович,,,http://oblrada.odessa.gov.ua/index.php?option=com_content&view=article&catid=114%3A2012-03-12-08-21-50&id=1322%3A2012-03-06-08-57-54&Itemid=266&lang=uk
Крижановська Дар’я Леонідівна,,,http://oblrada.odessa.gov.ua/index.php?option=com_content&view=article&catid=114%3A2012-03-12-08-21-50&id=1346%3A2012-03-06-15-44-34&Itemid=266&lang=uk
Кожухаренко Наталя Григорівна,1956-05-18,http://oblrada.odessa.gov.ua/images/stories/DEPUTAT/Kojyharenko/1.jpg,http://oblrada.odessa.gov.ua/index.php?option=com_content&view=article&id=1202%3A2012-03-06-22-03-02&catid=105&Itemid=266&lang=uk
Чорбаджи Іван Михайлович,1954-07-03,http://oblrada.odessa.gov.ua/images/stories/DEPUTAT/Chorbaji/1.jpg,http://oblrada.odessa.gov.ua/index.php?option=com_content&view=article&catid=114%3A2012-03-12-08-21-50&id=1406%3A2012-03-07-10-30-03&Itemid=266&lang=uk
Вовченко Ольга Василівна,,,http://oblrada.odessa.gov.ua/index.php?option=com_content&view=article&catid=114%3A2012-03-12-08-21-50&id=1283%3A2012-03-05-12-47-30&Itemid=266&lang=uk
Плужников Юрій Олексійович,1962-05-17,http://oblrada.odessa.gov.ua/images/stories/DEPUTAT/Plujnikov/1.jpg,http://oblrada.odessa.gov.ua/index.php?option=com_content&view=article&catid=114%3A2012-03-12-08-21-50&id=1371%3A2012-03-07-10-02-06&Itemid=266&lang=uk
Оносов Андрій Павлович,1978-09-03,http://oblrada.odessa.gov.ua/images/stories/DEPUTAT/Onosov/1.jpg,http://oblrada.odessa.gov.ua/index.php?option=com_content&view=article&id=1514%3A2012-04-03-23-58-04&catid=114&Itemid=266&lang=uk
Волошин Денис Валентинович,,,http://oblrada.odessa.gov.ua/index.php?option=com_content&view=article&catid=114%3A2012-03-12-08-21-50&id=1288%3A2012-03-05-12-49-04&Itemid=266&lang=uk
Чорнолуцький Василь Павлович,,,http://oblrada.odessa.gov.ua/index.php?option=com_content&view=article&catid=114%3A2012-03-12-08-21-50&id=1407%3A2012-03-07-10-50-41&Itemid=266&lang=uk
Демент Юрій Дмитрович,,,http://oblrada.odessa.gov.ua/index.php?option=com_content&view=article&catid=114%3A2012-03-12-08-21-50&id=1317%3A2012-03-05-13-02-00&Itemid=266&lang=uk
Єрьоменко Анатолій Васильович,1950-03-02,http://oblrada.odessa.gov.ua/images/stories/DEPUTAT/Eremenko_A/1.jpg,http://oblrada.odessa.gov.ua/index.php?option=com_content&view=article&catid=114%3A2012-03-12-08-21-50&id=1325%3A2012-03-06-09-09-50&Itemid=266&lang=uk
Волканов Валентин Дмитрович,1975-09-23,http://oblrada.odessa.gov.ua/images/stories/DEPUTAT/Volkanov/1.jpg,http://oblrada.odessa.gov.ua/index.php?option=com_content&view=article&catid=114%3A2012-03-12-08-21-50&id=1285%3A2012-03-05-12-48-09&Itemid=266&lang=uk
Смоленський Євгеній Васильович,,,http://oblrada.odessa.gov.ua/index.php?option=com_content&view=article&catid=114%3A2012-03-12-08-21-50&id=1388%3A2012-03-07-10-16-20&Itemid=266&lang=uk
Волошенков  Дмитро Борисович,1981-11-09,http://oblrada.odessa.gov.ua/images/stories/DEPUTAT/Voloshenkov/1.jpg,http://oblrada.odessa.gov.ua/index.php?option=com_content&view=article&catid=114%3A2012-03-12-08-21-50&id=1287%3A2012-03-05-12-48-46&Itemid=266&lang=uk
Степаненко Сергій Миколайович,1954-10-21,http://oblrada.odessa.gov.ua/images/stories/DEPUTAT/Stepanenko/1.jpg,http://oblrada.odessa.gov.ua/index.php?option=com_content&view=article&catid=114%3A2012-03-12-08-21-50&id=1392%3A2012-03-07-10-18-36&Itemid=266&lang=uk
Лемищук Микола Васильович,,,http://oblrada.odessa.gov.ua/index.php?option=com_content&view=article&catid=114%3A2012-03-12-08-21-50&id=1353%3A2012-03-07-09-16-46&Itemid=266&lang=uk
Єпур Григорій Володимирович,1956-01-31,http://oblrada.odessa.gov.ua/images/stories/DEPUTAT/Epyr/1.jpg,http://oblrada.odessa.gov.ua/index.php?option=com_content&view=article&catid=114%3A2012-03-12-08-21-50&id=1324%3A2012-03-06-09-03-15&Itemid=266&lang=uk
Сорочан Микола Васильович,,,http://oblrada.odessa.gov.ua/index.php?option=com_content&view=article&catid=114%3A2012-03-12-08-21-50&id=1389%3A2012-03-07-10-16-54&Itemid=266&lang=uk
Андрусенко Андрій Глібович,,,http://oblrada.odessa.gov.ua/index.php?option=com_content&view=article&catid=114%3A2012-03-12-08-21-50&id=1291%3A2012-03-05-09-27-22&Itemid=266&lang=uk
Лаптієнко Катерина Максимівна,,http://oblrada.odessa.gov.ua/images/stories/DEPUTAT/Laptienko/1.jpg,http://oblrada.odessa.gov.ua/index.php?option=com_content&view=article&catid=114%3A2012-03-12-08-21-50&id=1351%3A2012-03-07-09-14-16&Itemid=266&lang=uk
Артеменко Анатолій Іванович,,,http://oblrada.odessa.gov.ua/index.php?option=com_content&view=article&catid=114%3A2012-03-12-08-21-50&id=1293%3A2012-03-05-09-28-21&Itemid=266&lang=uk
Потапський Олексій Юрійович,,,http://oblrada.odessa.gov.ua/index.php?option=com_content&view=article&catid=114%3A2012-03-12-08-21-50&id=1373%3A2012-03-07-10-03-01&Itemid=266&lang=uk
Кучук Михайло Ілліч,,,http://oblrada.odessa.gov.ua/index.php?option=com_content&view=article&catid=114%3A2012-03-12-08-21-50&id=1348%3A2012-03-07-09-11-01&Itemid=266&lang=uk
Албу Олексій Дмитрович,,http://oblrada.odessa.gov.ua/images/stories/DEPUTAT/Alby/1.jpg,http://oblrada.odessa.gov.ua/index.php?option=com_content&view=article&catid=114%3A2012-03-12-08-21-50&id=1290%3A2012-03-05-09-25-59&Itemid=266&lang=uk
Мазур Сергій Іванович,1956-09-04,http://oblrada.odessa.gov.ua/images/stories/DEPUTAT/Mazyr/1.jpg,http://oblrada.odessa.gov.ua/index.php?option=com_content&view=article&catid=114%3A2012-03-12-08-21-50&id=1355%3A2012-03-07-09-20-10&Itemid=266&lang=uk
Баранов Іван Георгійович,,,http://oblrada.odessa.gov.ua/index.php?option=com_content&view=article&id=1518%3A2012-04-04-12-36-39&catid=114&Itemid=266&lang=uk
Гринченко Костянтин Миколайович,1959-07-23,http://oblrada.odessa.gov.ua/images/stories/DEPUTAT/Grinchenko/1.jpg,http://oblrada.odessa.gov.ua/index.php?option=com_content&view=article&catid=114%3A2012-03-12-08-21-50&id=1318%3A2012-03-05-15-08-31&Itemid=266&lang=uk
Бринза Сергій Іванович,1960-12-08,http://oblrada.odessa.gov.ua/images/stories/DEPUTAT/Brinza/1.jpg,http://oblrada.odessa.gov.ua/index.php?option=com_content&view=article&catid=114%3A2012-03-12-08-21-50&id=1305%3A2012-03-05-10-49-38&Itemid=266&lang=uk
Яковлев Ігор Якович,1949-09-24,http://oblrada.odessa.gov.ua/images/stories/DEPUTAT/Iakovlev/1.jpg,http://oblrada.odessa.gov.ua/index.php?option=com_content&view=article&catid=114%3A2012-03-12-08-21-50&id=1413%3A2012-03-07-10-54-15&Itemid=266&lang=uk
Завальнюк Володимир Васильович,1964-02-10,http://oblrada.odessa.gov.ua/images/stories/DEPUTAT/Zavalnyk/1.jpg,http://oblrada.odessa.gov.ua/index.php?option=com_content&view=article&id=1166%3A2012-03-06-00-52-14&catid=105&Itemid=266&lang=uk
Акімова Людмила Степанівна,1957-02-21,http://oblrada.odessa.gov.ua/images/stories/DEPUTAT/Akimova/1.jpg,http://oblrada.odessa.gov.ua/index.php?option=com_content&view=article&catid=114%3A2012-03-12-08-21-50&id=1289%3A2012-03-05-09-24-36&Itemid=266&lang=uk
Гроха Сергій Олександрович (Архієпископ Балтський та Ананьївський),1972-09-27,http://oblrada.odessa.gov.ua/images/stories/DEPUTAT/Groha/1.jpg,http://oblrada.odessa.gov.ua/index.php?option=com_content&view=article&catid=114%3A2012-03-12-08-21-50&id=1311%3A2012-03-05-12-57-00&Itemid=266&lang=uk
Верба Олександр Ісаакович,1946-05-08,http://oblrada.odessa.gov.ua/images/stories/DEPUTAT/Verba/1.jpg,http://oblrada.odessa.gov.ua/index.php?option=com_content&view=article&catid=114%3A2012-03-12-08-21-50&id=1279%3A2012-03-05-12-46-15&Itemid=266&lang=uk
Матящук Наталія Михайлівна,1971-09-17,http://oblrada.odessa.gov.ua/images/stories/DEPUTAT/Matyashuk/1.jpg,http://oblrada.odessa.gov.ua/index.php?option=com_content&view=article&catid=114%3A2012-03-12-08-21-50&id=1360%3A2012-03-07-09-29-43&Itemid=266&lang=uk
Ворохаєв Анатолій Іванович,,,http://oblrada.odessa.gov.ua/index.php?option=com_content&view=article&catid=114%3A2012-03-12-08-21-50&id=1308%3A2012-03-05-12-49-19&Itemid=266&lang=uk
Запорожан Валерій Миколайович,1947-03-02,http://oblrada.odessa.gov.ua/images/stories/DEPUTAT/Zaporojan/1.jpg,http://oblrada.odessa.gov.ua/index.php?option=com_content&view=article&catid=114%3A2012-03-12-08-21-50&id=1331%3A2012-03-06-09-27-59&Itemid=266&lang=uk
Розов Ігор Миколайович,,,http://oblrada.odessa.gov.ua/index.php?option=com_content&view=article&id=1421%3A2012-03-16-07-49-13&catid=105&Itemid=266&lang=uk
Скорик Микола Леонідович,1972-11-27,http://oblrada.odessa.gov.ua/images/stories/DEPUTAT/Skorik/1.jpg,http://oblrada.odessa.gov.ua/index.php?option=com_content&view=article&catid=114%3A2012-03-12-08-21-50&id=1386%3A2012-03-07-10-15-25&Itemid=266&lang=uk
Шмушкович Михайло Володимирович,,,http://oblrada.odessa.gov.ua/index.php?option=com_content&view=article&catid=114%3A2012-03-12-08-21-50&id=1411%3A2012-03-07-10-53-09&Itemid=266&lang=uk
Чудновець Микола Григорович,,,http://oblrada.odessa.gov.ua/index.php?option=com_content&view=article&catid=114%3A2012-03-12-08-21-50&id=1408%3A2012-03-07-10-51-24&Itemid=266&lang=uk
Веселов Сергій Робертович,1960-06-06,http://oblrada.odessa.gov.ua/images/stories/DEPUTAT/Veselov/1.jpg,http://oblrada.odessa.gov.ua/index.php?option=com_content&view=article&catid=114%3A2012-03-12-08-21-50&id=1280%3A2012-03-05-12-46-32&Itemid=266&lang=uk
Дімчогло Юрій Дмитрович,1973-08-19,http://oblrada.odessa.gov.ua/images/stories/DEPUTAT/Dimchoglo/1.jpg,http://oblrada.odessa.gov.ua/index.php?option=com_content&view=article&id=1170%3A2012-03-06-07-39-07&catid=105&Itemid=266&lang=uk
Возіян Анатолій Іванович,,,http://oblrada.odessa.gov.ua/index.php?option=com_content&view=article&catid=114%3A2012-03-12-08-21-50&id=1284%3A2012-03-05-12-47-45&Itemid=266&lang=uk
Куртогуз Наталія Вікторівна,1974-01-02,http://oblrada.odessa.gov.ua/images/stories/DEPUTAT/Kyrtogyz/1.jpg,http://oblrada.odessa.gov.ua/index.php?option=com_content&view=article&catid=114%3A2012-03-12-08-21-50&id=1347%3A2012-03-06-15-53-41&Itemid=266&lang=uk
Педченко Григорій Миколайович,1955-01-03,http://oblrada.odessa.gov.ua/images/stories/DEPUTAT/Pedchenko/1.jpg,http://oblrada.odessa.gov.ua/index.php?option=com_content&view=article&catid=114%3A2012-03-12-08-21-50&id=1370%3A2012-03-07-10-01-39&Itemid=266&lang=uk
Гриценко Володимир Костянтинович,1950-04-04,http://oblrada.odessa.gov.ua/images/stories/DEPUTAT/Gricenko/1.jpg,http://oblrada.odessa.gov.ua/index.php?option=com_content&view=article&id=1419%3A2012-03-14-12-42-58&catid=105&Itemid=266&lang=uk
Розов Костянтин Аркадійович,,,http://oblrada.odessa.gov.ua/index.php?option=com_content&view=article&catid=114%3A2012-03-12-08-21-50&id=1380%3A2012-03-07-10-08-22&Itemid=266&lang=uk
Карпенко Микола Миколайович,1978-10-18,http://oblrada.odessa.gov.ua/images/stories/DEPUTAT/Karpenko/1.jpg,http://oblrada.odessa.gov.ua/index.php?option=com_content&view=article&catid=114%3A2012-03-12-08-21-50&id=1339%3A2012-03-06-15-36-53&Itemid=266&lang=uk
Лавріненко Костянтин Костянтинович,,,http://oblrada.odessa.gov.ua/index.php?option=com_content&view=article&catid=114%3A2012-03-12-08-21-50&id=1349%3A2012-03-07-09-11-42&Itemid=266&lang=uk
Марчук Надія Борисівна,,,http://oblrada.odessa.gov.ua/index.php?option=com_content&view=article&catid=114%3A2012-03-12-08-21-50&id=1358%3A2012-03-07-09-28-32&Itemid=266&lang=uk
Стась Едуард Павлович,1975-06-04,http://oblrada.odessa.gov.ua/images/stories/DEPUTAT/Stas/1.jpg,http://oblrada.odessa.gov.ua/index.php?option=com_content&view=article&id=2701%3A2013-02-22-07-25-35&catid=114&Itemid=266&lang=uk
Видобора Володимир Деонисович,,,http://oblrada.odessa.gov.ua/index.php?option=com_content&view=article&catid=114%3A2012-03-12-08-21-50&id=1281%3A2012-03-05-12-46-52&Itemid=266&lang=uk
Кравець Олександр Семенович,1948-02-12,http://oblrada.odessa.gov.ua/images/stories/DEPUTAT/Kravets/1.jpg,http://oblrada.odessa.gov.ua/index.php?option=com_content&view=article&catid=114%3A2012-03-12-08-21-50&id=1345%3A2012-03-06-15-43-49&Itemid=266&lang=uk
Музалев Віктор Михайлович,1988-10-06,http://oblrada.odessa.gov.ua/images/stories/DEPUTAT/Muzalev/1.jpg,http://oblrada.odessa.gov.ua/index.php?option=com_content&view=article&id=1276%3A2012-03-12-08-04-32&catid=105&Itemid=266&lang=uk
Прокопенко Андрій Валерійович,,http://oblrada.odessa.gov.ua/images/stories/DEPUTAT/Prokopenko/1.jpg,http://oblrada.odessa.gov.ua/index.php?option=com_content&view=article&catid=114%3A2012-03-12-08-21-50&id=1375%3A2012-03-07-10-04-12&Itemid=266&lang=uk
Левицький Ілля Юхимович,,,http://oblrada.odessa.gov.ua/index.php?option=com_content&view=article&catid=114%3A2012-03-12-08-21-50&id=1352%3A2012-03-07-09-15-49&Itemid=266&lang=uk
Фадєєв Володимир Геннадійович,1962-06-29,http://oblrada.odessa.gov.ua/images/stories/DEPUTAT/Fadeev/1.jpg,http://oblrada.odessa.gov.ua/index.php?option=com_content&view=article&catid=114%3A2012-03-12-08-21-50&id=1399%3A2012-03-07-10-24-35&Itemid=266&lang=uk
Паращенко Сергій Володимирович,,,http://oblrada.odessa.gov.ua/index.php?option=com_content&view=article&catid=114%3A2012-03-12-08-21-50&id=1368%3A2012-03-07-10-00-32&Itemid=266&lang=uk
Черненко Сергій Олександрович,,,http://oblrada.odessa.gov.ua/index.php?option=com_content&view=article&catid=114%3A2012-03-12-08-21-50&id=1403%3A2012-03-07-10-28-01&Itemid=266&lang=uk
Рафаєвич Михайло Зіновійович,1949-06-13,http://oblrada.odessa.gov.ua/images/stories/DEPUTAT/Rafaevich/1.jpg,http://oblrada.odessa.gov.ua/index.php?option=com_content&view=article&catid=114%3A2012-03-12-08-21-50&id=1378%3A2012-03-07-10-06-23&Itemid=266&lang=uk
Череушенко Григорій Данилович,,,http://oblrada.odessa.gov.ua/index.php?option=com_content&view=article&catid=114%3A2012-03-12-08-21-50&id=1401%3A2012-03-07-10-27-02&Itemid=266&lang=uk
Бянова Наталя Анатоліївна,,http://oblrada.odessa.gov.ua/images/stories/DEPUTAT/Bianova/1.jpg,http://oblrada.odessa.gov.ua/index.php?option=com_content&view=article&catid=114%3A2012-03-12-08-21-50&id=1310%3A2012-03-05-12-24-14&Itemid=266&lang=uk
Зінченко Марина Анатоліївна,,,http://oblrada.odessa.gov.ua/index.php?option=com_content&view=article&catid=114%3A2012-03-12-08-21-50&id=1333%3A2012-03-06-09-29-56&Itemid=266&lang=uk
Ткаченко Віктор Євгенійович,1966-07-10,http://oblrada.odessa.gov.ua/images/stories/DEPUTAT/Tkachenko/1.jpg,http://oblrada.odessa.gov.ua/index.php?option=com_content&view=article&catid=114%3A2012-03-12-08-21-50&id=1395%3A2012-03-07-10-21-11&Itemid=266&lang=uk
Іспанюк Олег Аскольдович,1960-01-01,http://oblrada.odessa.gov.ua/images/stories/DEPUTAT/Ispaniyk/1.jpg,http://oblrada.odessa.gov.ua/index.php?option=com_content&view=article&catid=114%3A2012-03-12-08-21-50&id=1337%3A2012-03-06-15-35-07&Itemid=266&lang=uk
Учитель Ігор Леонідович,1955-03-31,http://oblrada.odessa.gov.ua/images/stories/DEPUTAT/Uchitel/1.jpg,http://oblrada.odessa.gov.ua/index.php?option=com_content&view=article&catid=114%3A2012-03-12-08-21-50&id=1397%3A2012-03-07-10-23-36&Itemid=266&lang=uk
Гончаренко Олексій Олексійович,,,http://oblrada.odessa.gov.ua/index.php?option=com_content&view=article&id=1309%3A2012-03-05-12-49-39&catid=114&Itemid=266&lang=uk
Братінов Ігнат Васильович,,,http://oblrada.odessa.gov.ua/index.php?option=com_content&view=article&catid=114%3A2012-03-12-08-21-50&id=1304%3A2012-03-05-10-49-23&Itemid=266&lang=uk
Чернобай Олександр Васильович,,,http://oblrada.odessa.gov.ua/index.php?option=com_content&view=article&catid=114%3A2012-03-12-08-21-50&id=1404%3A2012-03-07-10-28-32&Itemid=266&lang=uk
Жидков Михайло Анатолійович,,,http://oblrada.odessa.gov.ua/index.php?option=com_content&view=article&catid=114%3A2012-03-12-08-21-50&id=1327%3A2012-03-06-09-20-37&Itemid=266&lang=uk
Златов Микола Радіонович,,,http://oblrada.odessa.gov.ua/index.php?option=com_content&view=article&catid=114%3A2012-03-12-08-21-50&id=1334%3A2012-03-06-09-30-33&Itemid=266&lang=uk
Дєордієв Валерій Захарійович,,http://oblrada.odessa.gov.ua/images/stories/DEPUTAT/Deordiev/1.jpg,http://oblrada.odessa.gov.ua/index.php?option=com_content&view=article&catid=114%3A2012-03-12-08-21-50&id=1319%3A2012-03-06-08-24-37&Itemid=266&lang=uk
Бондарчук Сергій Анатолійович,,http://oblrada.odessa.gov.ua/images/stories/DEPUTAT/Bondarchyk/1.jpg,http://oblrada.odessa.gov.ua/index.php?option=com_content&view=article&catid=114%3A2012-03-12-08-21-50&id=1302%3A2012-03-05-10-48-47&Itemid=266&lang=uk
Гурков Володимир Геннадійович,1962-02-09,http://oblrada.odessa.gov.ua/images/stories/DEPUTAT/Gyrkov/1.jpg,http://oblrada.odessa.gov.ua/index.php?option=com_content&view=article&id=1168%3A2012-03-06-07-29-15&catid=105&Itemid=266&lang=uk
Орловський Іван Йосипович,1962-04-08,http://oblrada.odessa.gov.ua/images/stories/DEPUTAT/Orlovskiy/1.jpg,http://oblrada.odessa.gov.ua/index.php?option=com_content&view=article&catid=114%3A2012-03-12-08-21-50&id=1367%3A2012-03-07-09-59-49&Itemid=266&lang=uk
Ушканов Олександр Володимирович,1981-11-24,http://oblrada.odessa.gov.ua/images/stories/DEPUTAT/Ushakov/1.jpg,http://oblrada.odessa.gov.ua/index.php?option=com_content&view=article&catid=114%3A2012-03-12-08-21-50&id=1398%3A2012-03-07-10-24-07&Itemid=266&lang=uk
Топал Георгій Іванович,,,http://oblrada.odessa.gov.ua/index.php?option=com_content&view=article&catid=114%3A2012-03-12-08-21-50&id=1396%3A2012-03-07-10-22-54&Itemid=266&lang=uk
Гусаров Ігор Михайлович,,,http://oblrada.odessa.gov.ua/index.php?option=com_content&view=article&catid=114%3A2012-03-12-08-21-50&id=1316%3A2012-03-05-12-58-20&Itemid=266&lang=uk
Савенко Вадим Анатолійович,,,http://oblrada.odessa.gov.ua/index.php?option=com_content&view=article&catid=114%3A2012-03-12-08-21-50&id=1382%3A2012-03-07-10-10-02&Itemid=266&lang=uk
Дубовий Олександр Іванович,,,http://oblrada.odessa.gov.ua/index.php?option=com_content&view=article&catid=114%3A2012-03-12-08-21-50&id=1323%3A2012-03-06-09-00-33&Itemid=266&lang=uk
Пурдик Наталія Анатоліївна,,,http://oblrada.odessa.gov.ua/index.php?option=com_content&view=article&catid=114%3A2012-03-12-08-21-50&id=1377%3A2012-03-07-10-05-40&Itemid=266&lang=uk
Волков Віктор Якович,1964-12-21,http://oblrada.odessa.gov.ua/images/stories/DEPUTAT/Volkov/1.jpg,http://oblrada.odessa.gov.ua/index.php?option=com_content&view=article&catid=114%3A2012-03-12-08-21-50&id=1286%3A2012-03-05-12-48-24&Itemid=266&lang=uk
Буценко Іван Миколайович,1956-11-30,http://oblrada.odessa.gov.ua/images/stories/DEPUTAT/Bycenko/1.jpg,http://oblrada.odessa.gov.ua/index.php?option=com_content&view=article&catid=114%3A2012-03-12-08-21-50&id=1307%3A2012-03-05-10-50-31&Itemid=266&lang=uk
Зубрицька Світлана Петрівна,1958-03-23,http://oblrada.odessa.gov.ua/images/stories/DEPUTAT/Zybritska/1.jpg,http://oblrada.odessa.gov.ua/index.php?option=com_content&view=article&catid=114%3A2012-03-12-08-21-50&id=1335%3A2012-03-06-15-30-53&Itemid=266&lang=uk
Патуріду Ірина Валеріївна,1973-03-31,http://oblrada.odessa.gov.ua/images/stories/DEPUTAT/Patyridy/1.jpg,http://oblrada.odessa.gov.ua/index.php?option=com_content&view=article&catid=114%3A2012-03-12-08-21-50&id=1369%3A2012-03-07-10-01-13&Itemid=266&lang=uk
Барвіненко Дмитро Лукович,,,http://oblrada.odessa.gov.ua/index.php?option=com_content&view=article&catid=114%3A2012-03-12-08-21-50&id=1298%3A2012-03-05-10-47-09&Itemid=266&lang=uk
